{
    "plane": {
        "4": [
            0.3044752776622772,
            0.8769976496696472
        ],
        "6": [
            0.5425171256065369,
            0.9664328694343567
        ],
        "8": [
            0.7794270515441895,
            0.9952748417854309
        ]
    },
    "car": {
        "4": [
            0.32809603214263916,
            0.9038680195808411
        ],
        "6": [
            0.7384970188140869,
            0.9871990084648132
        ],
        "8": [
            0.9413139224052429,
            0.9998887181282043
        ]
    },
    "bird": {
        "4": [
            0.24833188951015472,
            0.8749474883079529
        ],
        "6": [
            0.6520038843154907,
            0.9879852533340454
        ],
        "8": [
            0.763930082321167,
            0.9952619075775146
        ]
    },
    "cat": {
        "4": [
            0.3189484477043152,
            0.9560225009918213
        ],
        "6": [
            0.7783923745155334,
            0.9981067776679993
        ],
        "8": [
            0.9494048357009888,
            0.9999876022338867
        ]
    },
    "deer": {
        "4": [
            0.016519414260983467,
            0.4315403401851654
        ],
        "6": [
            0.20994307100772858,
            0.7927113175392151
        ],
        "8": [
            0.7521282434463501,
            0.9876450896263123
        ]
    },
    "dog": {
        "4": [
            0.2866051197052002,
            0.863338053226471
        ],
        "6": [
            0.7547285556793213,
            0.9884599447250366
        ],
        "8": [
            0.9536418914794922,
            0.9998701810836792
        ]
    },
    "frog": {
        "4": [
            0.02952522225677967,
            0.5523058772087097
        ],
        "6": [
            0.15993323922157288,
            0.8553714752197266
        ],
        "8": [
            0.7888063192367554,
            0.993959903717041
        ]
    },
    "horse": {
        "4": [
            0.00644227908924222,
            0.3562357723712921
        ],
        "6": [
            0.37425497174263,
            0.93733149766922
        ],
        "8": [
            0.7263008952140808,
            0.9958327412605286
        ]
    },
    "ship": {
        "4": [
            0.008914000354707241,
            0.4543791115283966
        ],
        "6": [
            0.1294141709804535,
            0.7896718382835388
        ],
        "8": [
            0.5306711792945862,
            0.9575450420379639
        ]
    },
    "truck": {
        "4": [
            0.05528489500284195,
            0.7656111121177673
        ],
        "6": [
            0.20227143168449402,
            0.9606301188468933
        ],
        "8": [
            0.7879417538642883,
            0.996717095375061
        ]
    }
}